id,category,mutation_name,plsql_construct,original_snippet,mutant_snippet,mutation_rule,why_it_matters,expected_observable_effect,tags,content
MUT-001,declaration,Variable Initialization Flip,scalar variable initialization,v_count := 0;,v_count := 1;,Change the initial value of a local scalar variable.,Catches logic that assumes a clean zero/empty state.,Branch behavior or totals differ from baseline.,"['plsql', 'declaration', 'initialization', 'boundary']","Variable Initialization Flip. In PL/SQL, this mutation targets scalar variable initialization. Original example: v_count := 0; Mutant example: v_count := 1; Mutation rule: Change the initial value of a local scalar variable. Why it matters: Catches logic that assumes a clean zero/empty state. Expected observable effect: Branch behavior or totals differ from baseline."
MUT-002,declaration,Initialize to NULL,scalar variable initialization,v_status := 'OK';,v_status := NULL;,Replace a meaningful initial value with NULL.,Exposes missing NULL checks and defaulting logic.,NULL-handling branch is triggered or exception occurs.,"['plsql', 'declaration', 'null', 'state']","Initialize to NULL. In PL/SQL, this mutation targets scalar variable initialization. Original example: v_status := 'OK'; Mutant example: v_status := NULL; Mutation rule: Replace a meaningful initial value with NULL. Why it matters: Exposes missing NULL checks and defaulting logic. Expected observable effect: NULL-handling branch is triggered or exception occurs."
MUT-003,declaration,Anchor-Type Narrowing,%TYPE declaration,"v_amt NUMBER(10,2);","v_amt NUMBER(5,2);",Narrow the declared precision or length.,Reveals hidden dependence on wide numeric ranges.,"Overflow, rounding, or validation failure.","['plsql', 'declaration', 'datatype', 'precision']","Anchor-Type Narrowing. In PL/SQL, this mutation targets %TYPE declaration. Original example: v_amt NUMBER(10,2); Mutant example: v_amt NUMBER(5,2); Mutation rule: Narrow the declared precision or length. Why it matters: Reveals hidden dependence on wide numeric ranges. Expected observable effect: Overflow, rounding, or validation failure."
MUT-004,declaration,Anchor-Type Widening,%TYPE declaration,v_name VARCHAR2(20);,v_name VARCHAR2(100);,Widen or alter the declared size while preserving syntax.,Detects tests that do not exercise length-sensitive code.,Different truncation or formatting behavior.,"['plsql', 'declaration', 'datatype', 'length']","Anchor-Type Widening. In PL/SQL, this mutation targets %TYPE declaration. Original example: v_name VARCHAR2(20); Mutant example: v_name VARCHAR2(100); Mutation rule: Widen or alter the declared size while preserving syntax. Why it matters: Detects tests that do not exercise length-sensitive code. Expected observable effect: Different truncation or formatting behavior."
MUT-005,declaration,Record Field Swap,%ROWTYPE record access,v_rec.status := 'A';,v_rec.state := 'A';,Change which record field receives the assignment.,Finds field-mapping mistakes in record-heavy procedures.,Wrong data is written or later fetched.,"['plsql', 'declaration', 'record', 'mapping']","Record Field Swap. In PL/SQL, this mutation targets %ROWTYPE record access. Original example: v_rec.status := 'A'; Mutant example: v_rec.state := 'A'; Mutation rule: Change which record field receives the assignment. Why it matters: Finds field-mapping mistakes in record-heavy procedures. Expected observable effect: Wrong data is written or later fetched."
MUT-006,declaration,Collection Index Shift,collection access,v_arr(i) := x;,v_arr(i+1) := x;,Shift a nested-table/array index by one.,Useful for off-by-one errors in bulk or loop code.,Wrong element updated or fetched.,"['plsql', 'declaration', 'collection', 'offbyone']","Collection Index Shift. In PL/SQL, this mutation targets collection access. Original example: v_arr(i) := x; Mutant example: v_arr(i+1) := x; Mutation rule: Shift a nested-table/array index by one. Why it matters: Useful for off-by-one errors in bulk or loop code. Expected observable effect: Wrong element updated or fetched."
MUT-007,parameter,Default Parameter Change,formal parameter default,PROCEDURE p(p_mode IN VARCHAR2 DEFAULT 'A'),PROCEDURE p(p_mode IN VARCHAR2 DEFAULT 'B'),Change the default value used when callers omit the argument.,Checks whether tests cover default-path behavior.,Different branch or workflow is selected.,"['plsql', 'parameter', 'default', 'interface']","Default Parameter Change. In PL/SQL, this mutation targets formal parameter default. Original example: PROCEDURE p(p_mode IN VARCHAR2 DEFAULT 'A') Mutant example: PROCEDURE p(p_mode IN VARCHAR2 DEFAULT 'B') Mutation rule: Change the default value used when callers omit the argument. Why it matters: Checks whether tests cover default-path behavior. Expected observable effect: Different branch or workflow is selected."
MUT-008,parameter,Remove Default Parameter,formal parameter default,PROCEDURE p(p_mode IN VARCHAR2 DEFAULT 'A'),PROCEDURE p(p_mode IN VARCHAR2),Remove the default so callers must pass the argument.,Reveals reliance on implicit arguments.,Call sites fail or must be updated.,"['plsql', 'parameter', 'interface', 'compile']","Remove Default Parameter. In PL/SQL, this mutation targets formal parameter default. Original example: PROCEDURE p(p_mode IN VARCHAR2 DEFAULT 'A') Mutant example: PROCEDURE p(p_mode IN VARCHAR2) Mutation rule: Remove the default so callers must pass the argument. Why it matters: Reveals reliance on implicit arguments. Expected observable effect: Call sites fail or must be updated."
MUT-009,parameter,Call-Site Boundary Value,procedure call argument,p(10);,p(11);,Mutate the passed literal to a nearby boundary value.,Boundary tests are one of the highest-value checks in PL/SQL business logic.,Branch outcomes differ at thresholds.,"['plsql', 'parameter', 'boundary', 'callsite']","Call-Site Boundary Value. In PL/SQL, this mutation targets procedure call argument. Original example: p(10); Mutant example: p(11); Mutation rule: Mutate the passed literal to a nearby boundary value. Why it matters: Boundary tests are one of the highest-value checks in PL/SQL business logic. Expected observable effect: Branch outcomes differ at thresholds."
MUT-010,parameter,Call-Site NULL Injection,procedure call argument,p('ABC');,p(NULL);,Replace a concrete argument with NULL.,Detects missing null validation and exception behavior.,Null branch or exception path is activated.,"['plsql', 'parameter', 'null', 'callsite']","Call-Site NULL Injection. In PL/SQL, this mutation targets procedure call argument. Original example: p('ABC'); Mutant example: p(NULL); Mutation rule: Replace a concrete argument with NULL. Why it matters: Detects missing null validation and exception behavior. Expected observable effect: Null branch or exception path is activated."
MUT-011,parameter,Swap Same-Type Arguments,internal function/procedure call,"x := f(a, b);","x := f(b, a);",Swap arguments that have compatible types.,Very effective for catching weak assertions in layered PL/SQL code.,Returned value or state changes unexpectedly.,"['plsql', 'parameter', 'callsite', 'logic']","Swap Same-Type Arguments. In PL/SQL, this mutation targets internal function/procedure call. Original example: x := f(a, b); Mutant example: x := f(b, a); Mutation rule: Swap arguments that have compatible types. Why it matters: Very effective for catching weak assertions in layered PL/SQL code. Expected observable effect: Returned value or state changes unexpectedly."
MUT-012,arithmetic,Arithmetic Operator Replacement,numeric expression,ratio := sales / total;,ratio := sales * total;,Replace one arithmetic operator with another.,Catches formula mistakes in business rules.,"Wrong totals, ratios, or billing values.","['plsql', 'arithmetic', 'operator', 'formula']","Arithmetic Operator Replacement. In PL/SQL, this mutation targets numeric expression. Original example: ratio := sales / total; Mutant example: ratio := sales * total; Mutation rule: Replace one arithmetic operator with another. Why it matters: Catches formula mistakes in business rules. Expected observable effect: Wrong totals, ratios, or billing values."
MUT-013,arithmetic,Unary Sign Mutation,numeric expression,v_amt := x;,v_amt := -x;,Flip the sign of a numeric expression.,"Useful for fee, discount, and adjustment logic.",Positive/negative outcomes change unexpectedly.,"['plsql', 'arithmetic', 'sign', 'numeric']","Unary Sign Mutation. In PL/SQL, this mutation targets numeric expression. Original example: v_amt := x; Mutant example: v_amt := -x; Mutation rule: Flip the sign of a numeric expression. Why it matters: Useful for fee, discount, and adjustment logic. Expected observable effect: Positive/negative outcomes change unexpectedly."
MUT-014,relational,Greater-Than to Greater-Or-Equal,comparison predicate,IF ratio > 10 THEN,IF ratio >= 10 THEN,Relax a strict comparison by one boundary step.,Classic off-by-one mutant for thresholds.,Boundary case now falls into the branch.,"['plsql', 'relational', 'boundary', 'if']","Greater-Than to Greater-Or-Equal. In PL/SQL, this mutation targets comparison predicate. Original example: IF ratio > 10 THEN Mutant example: IF ratio >= 10 THEN Mutation rule: Relax a strict comparison by one boundary step. Why it matters: Classic off-by-one mutant for thresholds. Expected observable effect: Boundary case now falls into the branch."
MUT-015,relational,Equality to Inequality,comparison predicate,IF status = 'A' THEN,IF status != 'A' THEN,Invert equality semantics.,Finds missing scenario coverage for exact values.,Opposite branch is taken.,"['plsql', 'relational', 'equality', 'branch']","Equality to Inequality. In PL/SQL, this mutation targets comparison predicate. Original example: IF status = 'A' THEN Mutant example: IF status != 'A' THEN Mutation rule: Invert equality semantics. Why it matters: Finds missing scenario coverage for exact values. Expected observable effect: Opposite branch is taken."
MUT-016,logical,AND to OR,compound boolean condition,IF a IS NOT NULL AND b > 0 THEN,IF a IS NOT NULL OR b > 0 THEN,Replace conjunction with disjunction.,Exposes weak condition coverage in multi-part guards.,More inputs satisfy the guard than before.,"['plsql', 'logical', 'condition', 'branch']","AND to OR. In PL/SQL, this mutation targets compound boolean condition. Original example: IF a IS NOT NULL AND b > 0 THEN Mutant example: IF a IS NOT NULL OR b > 0 THEN Mutation rule: Replace conjunction with disjunction. Why it matters: Exposes weak condition coverage in multi-part guards. Expected observable effect: More inputs satisfy the guard than before."
MUT-017,logical,Insert NOT,boolean predicate,IF valid_flag THEN,IF NOT valid_flag THEN,Negate a predicate or boolean variable.,Detects whether both truth values are tested.,Condition branch is reversed.,"['plsql', 'logical', 'negation', 'branch']","Insert NOT. In PL/SQL, this mutation targets boolean predicate. Original example: IF valid_flag THEN Mutant example: IF NOT valid_flag THEN Mutation rule: Negate a predicate or boolean variable. Why it matters: Detects whether both truth values are tested. Expected observable effect: Condition branch is reversed."
MUT-018,range,BETWEEN to NOT BETWEEN,range predicate,WHERE score BETWEEN 10 AND 20,WHERE score NOT BETWEEN 10 AND 20,Invert a range predicate.,Finds missing boundary and range tests.,Rows inside range are excluded and outside rows are included.,"['plsql', 'sql', 'range', 'between']","BETWEEN to NOT BETWEEN. In PL/SQL, this mutation targets range predicate. Original example: WHERE score BETWEEN 10 AND 20 Mutant example: WHERE score NOT BETWEEN 10 AND 20 Mutation rule: Invert a range predicate. Why it matters: Finds missing boundary and range tests. Expected observable effect: Rows inside range are excluded and outside rows are included."
MUT-019,sql_predicate,IS NULL to IS NOT NULL,null predicate,WHERE bonus IS NULL,WHERE bonus IS NOT NULL,Invert null semantics in a SQL predicate.,Very important in Oracle/PLSQL because NULL behavior is often subtle.,Different rows are selected or updated.,"['plsql', 'sql', 'null', 'predicate']","IS NULL to IS NOT NULL. In PL/SQL, this mutation targets null predicate. Original example: WHERE bonus IS NULL Mutant example: WHERE bonus IS NOT NULL Mutation rule: Invert null semantics in a SQL predicate. Why it matters: Very important in Oracle/PLSQL because NULL behavior is often subtle. Expected observable effect: Different rows are selected or updated."
MUT-020,control_flow,IF Branch Removal,if/elsif block,IF cond THEN ... END IF;,IF cond THEN -- removed action END IF;,Remove or neutralize the body of a branch.,Checks whether a branch is truly exercised by tests.,No state change where one was expected.,"['plsql', 'control_flow', 'if', 'branch']","IF Branch Removal. In PL/SQL, this mutation targets if/elsif block. Original example: IF cond THEN ... END IF; Mutant example: IF cond THEN -- removed action END IF; Mutation rule: Remove or neutralize the body of a branch. Why it matters: Checks whether a branch is truly exercised by tests. Expected observable effect: No state change where one was expected."
MUT-021,control_flow,Branch Condition Inversion,if/elsif block,IF cond THEN,IF NOT cond THEN,Invert the condition guarding a branch.,Detects weak branch-specific assertions.,Opposite branch executes.,"['plsql', 'control_flow', 'if', 'negation']","Branch Condition Inversion. In PL/SQL, this mutation targets if/elsif block. Original example: IF cond THEN Mutant example: IF NOT cond THEN Mutation rule: Invert the condition guarding a branch. Why it matters: Detects weak branch-specific assertions. Expected observable effect: Opposite branch executes."
MUT-022,control_flow,ELSIF Reordering,if/elsif chain,ELSIF code = 1 THEN ... ELSIF code = 2 THEN ...,ELSIF code = 2 THEN ... ELSIF code = 1 THEN ...,Reorder equal-priority branches.,Useful when tests assume one branch ordering only.,Different scenario resolution order.,"['plsql', 'control_flow', 'elsif', 'order']","ELSIF Reordering. In PL/SQL, this mutation targets if/elsif chain. Original example: ELSIF code = 1 THEN ... ELSIF code = 2 THEN ... Mutant example: ELSIF code = 2 THEN ... ELSIF code = 1 THEN ... Mutation rule: Reorder equal-priority branches. Why it matters: Useful when tests assume one branch ordering only. Expected observable effect: Different scenario resolution order."
MUT-023,control_flow,CASE Arm Mutation,CASE statement,CASE x WHEN 1 THEN a WHEN 2 THEN b END CASE;,CASE x WHEN 1 THEN b WHEN 2 THEN a END CASE;,Swap or alter CASE outcomes.,Catches missing coverage for discrete workflow codes.,Different output per code path.,"['plsql', 'control_flow', 'case', 'branch']","CASE Arm Mutation. In PL/SQL, this mutation targets CASE statement. Original example: CASE x WHEN 1 THEN a WHEN 2 THEN b END CASE; Mutant example: CASE x WHEN 1 THEN b WHEN 2 THEN a END CASE; Mutation rule: Swap or alter CASE outcomes. Why it matters: Catches missing coverage for discrete workflow codes. Expected observable effect: Different output per code path."
MUT-024,control_flow,Loop Upper-Bound Reduction,FOR loop,FOR i IN 1..n LOOP,FOR i IN 1..n-1 LOOP,Reduce the loop upper bound.,Classic off-by-one mutant for cursor-like iteration.,Last iteration is skipped.,"['plsql', 'control_flow', 'loop', 'offbyone']","Loop Upper-Bound Reduction. In PL/SQL, this mutation targets FOR loop. Original example: FOR i IN 1..n LOOP Mutant example: FOR i IN 1..n-1 LOOP Mutation rule: Reduce the loop upper bound. Why it matters: Classic off-by-one mutant for cursor-like iteration. Expected observable effect: Last iteration is skipped."
MUT-025,control_flow,Loop Lower-Bound Shift,FOR loop,FOR i IN 1..n LOOP,FOR i IN 2..n LOOP,Increase the loop lower bound.,Reveals whether the first element matters.,First iteration is skipped.,"['plsql', 'control_flow', 'loop', 'offbyone']","Loop Lower-Bound Shift. In PL/SQL, this mutation targets FOR loop. Original example: FOR i IN 1..n LOOP Mutant example: FOR i IN 2..n LOOP Mutation rule: Increase the loop lower bound. Why it matters: Reveals whether the first element matters. Expected observable effect: First iteration is skipped."
MUT-026,control_flow,EXIT WHEN Removal,loop termination,EXIT WHEN done;,-- EXIT WHEN done;,Remove an exit condition from a loop.,Checks termination logic and infinite-loop resilience.,Loop continues longer than expected.,"['plsql', 'control_flow', 'loop', 'exit']","EXIT WHEN Removal. In PL/SQL, this mutation targets loop termination. Original example: EXIT WHEN done; Mutant example: -- EXIT WHEN done; Mutation rule: Remove an exit condition from a loop. Why it matters: Checks termination logic and infinite-loop resilience. Expected observable effect: Loop continues longer than expected."
MUT-027,control_flow,RETURN Removal,function return,RETURN result;,-- RETURN result;,Remove an early or terminal return.,Finds paths that assume a return value is always produced.,Missing return or altered control flow.,"['plsql', 'control_flow', 'return', 'function']","RETURN Removal. In PL/SQL, this mutation targets function return. Original example: RETURN result; Mutant example: -- RETURN result; Mutation rule: Remove an early or terminal return. Why it matters: Finds paths that assume a return value is always produced. Expected observable effect: Missing return or altered control flow."
MUT-028,control_flow,GOTO Target Mutation,GOTO statement,GOTO label_done;,GOTO label_error;,Redirect the jump to another valid label.,PL/SQL supports GOTO; mutation reveals fragile flow control.,Control jumps to a different section.,"['plsql', 'control_flow', 'goto', 'branch']","GOTO Target Mutation. In PL/SQL, this mutation targets GOTO statement. Original example: GOTO label_done; Mutant example: GOTO label_error; Mutation rule: Redirect the jump to another valid label. Why it matters: PL/SQL supports GOTO; mutation reveals fragile flow control. Expected observable effect: Control jumps to a different section."
MUT-029,sql,SELECT DISTINCT Removal,SELECT clause,SELECT DISTINCT deptno FROM emp;,SELECT deptno FROM emp;,Remove DISTINCT from a query.,Checks whether duplicate-row sensitivity is tested.,Duplicate rows appear in the result set.,"['plsql', 'sql', 'select', 'distinct']","SELECT DISTINCT Removal. In PL/SQL, this mutation targets SELECT clause. Original example: SELECT DISTINCT deptno FROM emp; Mutant example: SELECT deptno FROM emp; Mutation rule: Remove DISTINCT from a query. Why it matters: Checks whether duplicate-row sensitivity is tested. Expected observable effect: Duplicate rows appear in the result set."
MUT-030,sql,JOIN Type Replacement,JOIN clause,SELECT ... FROM a INNER JOIN b ON ...,SELECT ... FROM a LEFT JOIN b ON ...,Replace one join type with another compatible join type.,Important for data completeness and optional relationships.,More or fewer rows appear.,"['plsql', 'sql', 'join', 'relational']","JOIN Type Replacement. In PL/SQL, this mutation targets JOIN clause. Original example: SELECT ... FROM a INNER JOIN b ON ... Mutant example: SELECT ... FROM a LEFT JOIN b ON ... Mutation rule: Replace one join type with another compatible join type. Why it matters: Important for data completeness and optional relationships. Expected observable effect: More or fewer rows appear."
MUT-031,sql,Subquery Predicate Inversion,EXISTS / NOT EXISTS,WHERE EXISTS (SELECT 1 FROM child c WHERE c.id = p.id),WHERE NOT EXISTS (SELECT 1 FROM child c WHERE c.id = p.id),Invert subquery existence semantics.,Useful for parent-child or validation workflows.,Opposite membership set is selected.,"['plsql', 'sql', 'subquery', 'exists']","Subquery Predicate Inversion. In PL/SQL, this mutation targets EXISTS / NOT EXISTS. Original example: WHERE EXISTS (SELECT 1 FROM child c WHERE c.id = p.id) Mutant example: WHERE NOT EXISTS (SELECT 1 FROM child c WHERE c.id = p.id) Mutation rule: Invert subquery existence semantics. Why it matters: Useful for parent-child or validation workflows. Expected observable effect: Opposite membership set is selected."
MUT-032,sql,Aggregate Function Replacement,aggregate expression,SELECT MAX(amount) INTO v FROM t;,SELECT AVG(amount) INTO v FROM t;,Replace one aggregate function with a nearby aggregate.,Catches wrong summarization logic.,Different scalar result is returned.,"['plsql', 'sql', 'aggregate', 'function']","Aggregate Function Replacement. In PL/SQL, this mutation targets aggregate expression. Original example: SELECT MAX(amount) INTO v FROM t; Mutant example: SELECT AVG(amount) INTO v FROM t; Mutation rule: Replace one aggregate function with a nearby aggregate. Why it matters: Catches wrong summarization logic. Expected observable effect: Different scalar result is returned."
MUT-033,sql,Ordering Direction Mutation,ORDER BY clause,ORDER BY created_at ASC,ORDER BY created_at DESC,Reverse the sort direction.,Useful where the code depends on first/last record semantics.,Different row is fetched as top result.,"['plsql', 'sql', 'orderby', 'ordering']","Ordering Direction Mutation. In PL/SQL, this mutation targets ORDER BY clause. Original example: ORDER BY created_at ASC Mutant example: ORDER BY created_at DESC Mutation rule: Reverse the sort direction. Why it matters: Useful where the code depends on first/last record semantics. Expected observable effect: Different row is fetched as top result."
MUT-034,sql,LIKE Negation,LIKE predicate,WHERE name LIKE 'SYS%',WHERE name NOT LIKE 'SYS%',Negate pattern matching.,Catches weak string-filter tests.,Different set of rows matched.,"['plsql', 'sql', 'like', 'string']","LIKE Negation. In PL/SQL, this mutation targets LIKE predicate. Original example: WHERE name LIKE 'SYS%' Mutant example: WHERE name NOT LIKE 'SYS%' Mutation rule: Negate pattern matching. Why it matters: Catches weak string-filter tests. Expected observable effect: Different set of rows matched."
MUT-035,sql,NULL Predicate Mutation,IS NULL / IS NOT NULL,WHERE title IS NULL,WHERE title IS NOT NULL,Invert null-handling predicate.,Null logic is a common source of surviving mutants.,Rows included/excluded change.,"['plsql', 'sql', 'null', 'predicate']","NULL Predicate Mutation. In PL/SQL, this mutation targets IS NULL / IS NOT NULL. Original example: WHERE title IS NULL Mutant example: WHERE title IS NOT NULL Mutation rule: Invert null-handling predicate. Why it matters: Null logic is a common source of surviving mutants. Expected observable effect: Rows included/excluded change."
MUT-036,sql,Literal Constant Mutation,SQL literal,WHERE status = 'SUCCESS',WHERE status = 'FAILED',Mutate a hard-coded literal to a nearby value.,High value in business-rule and status-code logic.,A different code path is selected.,"['plsql', 'sql', 'literal', 'business_rule']","Literal Constant Mutation. In PL/SQL, this mutation targets SQL literal. Original example: WHERE status = 'SUCCESS' Mutant example: WHERE status = 'FAILED' Mutation rule: Mutate a hard-coded literal to a nearby value. Why it matters: High value in business-rule and status-code logic. Expected observable effect: A different code path is selected."
MUT-037,sql,Column Reference Mutation,SELECT column,SELECT account_id FROM accounts;,SELECT customer_id FROM accounts;,Swap a referenced column with another compatible column.,Finds mapping mistakes between schema fields.,Returned value differs.,"['plsql', 'sql', 'column', 'mapping']","Column Reference Mutation. In PL/SQL, this mutation targets SELECT column. Original example: SELECT account_id FROM accounts; Mutant example: SELECT customer_id FROM accounts; Mutation rule: Swap a referenced column with another compatible column. Why it matters: Finds mapping mistakes between schema fields. Expected observable effect: Returned value differs."
MUT-038,sql,Insert Target Table Mutation,INSERT INTO target,INSERT INTO audit_log ...,INSERT INTO error_log ...,Change the destination table for DML.,Useful for detecting wrong-table writes.,Rows are persisted in the wrong table.,"['plsql', 'sql', 'insert', 'dml']","Insert Target Table Mutation. In PL/SQL, this mutation targets INSERT INTO target. Original example: INSERT INTO audit_log ... Mutant example: INSERT INTO error_log ... Mutation rule: Change the destination table for DML. Why it matters: Useful for detecting wrong-table writes. Expected observable effect: Rows are persisted in the wrong table."
MUT-039,sql,Update Column Mutation,UPDATE SET column,UPDATE t SET flag = 'Y',UPDATE t SET status = 'Y',Mutate the column assigned by UPDATE.,Catches column-mapping mistakes in write operations.,Wrong field changes in storage.,"['plsql', 'sql', 'update', 'dml']","Update Column Mutation. In PL/SQL, this mutation targets UPDATE SET column. Original example: UPDATE t SET flag = 'Y' Mutant example: UPDATE t SET status = 'Y' Mutation rule: Mutate the column assigned by UPDATE. Why it matters: Catches column-mapping mistakes in write operations. Expected observable effect: Wrong field changes in storage."
MUT-040,sql,Delete Condition Mutation,DELETE WHERE clause,DELETE FROM t WHERE id = p_id;,DELETE FROM t WHERE id <> p_id;,Mutate the condition controlling deletion.,Checks whether deletion behavior is tested precisely.,Different rows get deleted.,"['plsql', 'sql', 'delete', 'predicate']","Delete Condition Mutation. In PL/SQL, this mutation targets DELETE WHERE clause. Original example: DELETE FROM t WHERE id = p_id; Mutant example: DELETE FROM t WHERE id <> p_id; Mutation rule: Mutate the condition controlling deletion. Why it matters: Checks whether deletion behavior is tested precisely. Expected observable effect: Different rows get deleted."
MUT-041,sql,Scalar Value Mutation in Workflow Codes,integer flag in SQL,WHERE workflow_state = 3,WHERE workflow_state = 4,Mutate magic numbers used to encode business states.,The manuscript notes that enterprise PL/SQL often uses integer workflow flags.,Different workflow branch or no match.,"['plsql', 'sql', 'workflow', 'flag']","Scalar Value Mutation in Workflow Codes. In PL/SQL, this mutation targets integer flag in SQL. Original example: WHERE workflow_state = 3 Mutant example: WHERE workflow_state = 4 Mutation rule: Mutate magic numbers used to encode business states. Why it matters: The manuscript notes that enterprise PL/SQL often uses integer workflow flags. Expected observable effect: Different workflow branch or no match."
MUT-042,sql,Multi-Condition Pruning,compound WHERE clause,WHERE a = 1 AND b = 2 AND c = 3,WHERE a = 1 AND b = 2,Remove one conjunct from a compound predicate.,Shows whether all business conditions are asserted.,Broader row set is accepted.,"['plsql', 'sql', 'compound', 'predicate']","Multi-Condition Pruning. In PL/SQL, this mutation targets compound WHERE clause. Original example: WHERE a = 1 AND b = 2 AND c = 3 Mutant example: WHERE a = 1 AND b = 2 Mutation rule: Remove one conjunct from a compound predicate. Why it matters: Shows whether all business conditions are asserted. Expected observable effect: Broader row set is accepted."
MUT-043,transaction,COMMIT Removal,transaction control,COMMIT;,-- COMMIT;,Remove an explicit commit.,PL/SQL often relies on durable side effects that must be verified.,Changes are not persisted after execution.,"['plsql', 'transaction', 'commit', 'persistence']","COMMIT Removal. In PL/SQL, this mutation targets transaction control. Original example: COMMIT; Mutant example: -- COMMIT; Mutation rule: Remove an explicit commit. Why it matters: PL/SQL often relies on durable side effects that must be verified. Expected observable effect: Changes are not persisted after execution."
MUT-044,transaction,ROLLBACK Removal,transaction control,ROLLBACK;,-- ROLLBACK;,Remove an explicit rollback.,Exposes missing cleanup or recovery checks.,Partial writes may remain visible.,"['plsql', 'transaction', 'rollback', 'cleanup']","ROLLBACK Removal. In PL/SQL, this mutation targets transaction control. Original example: ROLLBACK; Mutant example: -- ROLLBACK; Mutation rule: Remove an explicit rollback. Why it matters: Exposes missing cleanup or recovery checks. Expected observable effect: Partial writes may remain visible."
MUT-045,transaction,Savepoint Mutation,SAVEPOINT,SAVEPOINT sp_before;,SAVEPOINT sp_after;,Move or rename the savepoint used for partial rollback.,Useful in multi-step business transactions.,Rollback scope changes.,"['plsql', 'transaction', 'savepoint', 'rollback']","Savepoint Mutation. In PL/SQL, this mutation targets SAVEPOINT. Original example: SAVEPOINT sp_before; Mutant example: SAVEPOINT sp_after; Mutation rule: Move or rename the savepoint used for partial rollback. Why it matters: Useful in multi-step business transactions. Expected observable effect: Rollback scope changes."
MUT-046,transaction,Autonomous Transaction Toggle,PRAGMA AUTONOMOUS_TRANSACTION,PRAGMA AUTONOMOUS_TRANSACTION;,-- removed pragma,Add or remove autonomous transaction semantics.,Important for logging and audit procedures.,Commit visibility changes across sessions.,"['plsql', 'transaction', 'autonomous', 'audit']","Autonomous Transaction Toggle. In PL/SQL, this mutation targets PRAGMA AUTONOMOUS_TRANSACTION. Original example: PRAGMA AUTONOMOUS_TRANSACTION; Mutant example: -- removed pragma Mutation rule: Add or remove autonomous transaction semantics. Why it matters: Important for logging and audit procedures. Expected observable effect: Commit visibility changes across sessions."
MUT-047,exception,WHEN OTHERS Scope Narrowing,exception handler,WHEN OTHERS THEN,WHEN NO_DATA_FOUND THEN,Replace a catch-all handler with a narrow handler.,Detects whether exception propagation is tested.,Unhandled exceptions escape the procedure.,"['plsql', 'exception', 'handler', 'others']","WHEN OTHERS Scope Narrowing. In PL/SQL, this mutation targets exception handler. Original example: WHEN OTHERS THEN Mutant example: WHEN NO_DATA_FOUND THEN Mutation rule: Replace a catch-all handler with a narrow handler. Why it matters: Detects whether exception propagation is tested. Expected observable effect: Unhandled exceptions escape the procedure."
MUT-048,exception,WHEN OTHERS Swallowing,exception handler,WHEN OTHERS THEN RAISE;,WHEN OTHERS THEN NULL;,Suppress exception propagation.,Very useful for testing error-reporting expectations.,Procedure appears successful despite failure.,"['plsql', 'exception', 'swallow', 'error']","WHEN OTHERS Swallowing. In PL/SQL, this mutation targets exception handler. Original example: WHEN OTHERS THEN RAISE; Mutant example: WHEN OTHERS THEN NULL; Mutation rule: Suppress exception propagation. Why it matters: Very useful for testing error-reporting expectations. Expected observable effect: Procedure appears successful despite failure."
MUT-049,exception,RAISE_APPLICATION_ERROR Mutation,error raising,"RAISE_APPLICATION_ERROR(-20001, 'bad input');","RAISE_APPLICATION_ERROR(-20002, 'bad input');",Change the application error code.,Checks whether callers assert the right error contract.,Different exception code/message.,"['plsql', 'exception', 'raise_application_error', 'contract']","RAISE_APPLICATION_ERROR Mutation. In PL/SQL, this mutation targets error raising. Original example: RAISE_APPLICATION_ERROR(-20001, 'bad input'); Mutant example: RAISE_APPLICATION_ERROR(-20002, 'bad input'); Mutation rule: Change the application error code. Why it matters: Checks whether callers assert the right error contract. Expected observable effect: Different exception code/message."
MUT-050,exception,Raise Removed,exception branch,IF invalid THEN RAISE e_bad_input; END IF;,IF invalid THEN NULL; END IF;,Delete the explicit raise in a validation block.,Finds tests that do not verify failure paths.,Input is accepted when it should fail.,"['plsql', 'exception', 'raise', 'validation']","Raise Removed. In PL/SQL, this mutation targets exception branch. Original example: IF invalid THEN RAISE e_bad_input; END IF; Mutant example: IF invalid THEN NULL; END IF; Mutation rule: Delete the explicit raise in a validation block. Why it matters: Finds tests that do not verify failure paths. Expected observable effect: Input is accepted when it should fail."
MUT-051,exception,SQLCODE Branch Mutation,exception branch,IF SQLCODE = -1403 THEN ...,IF SQLCODE <> -1403 THEN ...,Invert the exception-code condition.,Checks error classification coverage.,Wrong handler branch executes.,"['plsql', 'exception', 'sqlcode', 'branch']","SQLCODE Branch Mutation. In PL/SQL, this mutation targets exception branch. Original example: IF SQLCODE = -1403 THEN ... Mutant example: IF SQLCODE <> -1403 THEN ... Mutation rule: Invert the exception-code condition. Why it matters: Checks error classification coverage. Expected observable effect: Wrong handler branch executes."
MUT-052,exception,SQLERRM Capture Mutation,exception text,v_msg := SQLERRM;,v_msg := NULL;,Remove or alter exception message capture.,Important when error text is part of the contract.,Error details are lost.,"['plsql', 'exception', 'sqlerrm', 'diagnostic']","SQLERRM Capture Mutation. In PL/SQL, this mutation targets exception text. Original example: v_msg := SQLERRM; Mutant example: v_msg := NULL; Mutation rule: Remove or alter exception message capture. Why it matters: Important when error text is part of the contract. Expected observable effect: Error details are lost."
MUT-053,cursor,Cursor WHERE Predicate Mutation,explicit cursor,CURSOR c IS SELECT * FROM t WHERE status = 'A';,CURSOR c IS SELECT * FROM t WHERE status = 'I';,Change the row-filtering predicate of an explicit cursor.,Catches incorrect record selection.,Different rows are fetched.,"['plsql', 'cursor', 'select', 'predicate']","Cursor WHERE Predicate Mutation. In PL/SQL, this mutation targets explicit cursor. Original example: CURSOR c IS SELECT * FROM t WHERE status = 'A'; Mutant example: CURSOR c IS SELECT * FROM t WHERE status = 'I'; Mutation rule: Change the row-filtering predicate of an explicit cursor. Why it matters: Catches incorrect record selection. Expected observable effect: Different rows are fetched."
MUT-054,cursor,FETCH Removal,fetch loop,FETCH c INTO v_rec;,-- FETCH c INTO v_rec;,Remove a fetch call from a cursor loop.,Exposes cursor loop and initialization bugs.,Loop uses stale or empty record state.,"['plsql', 'cursor', 'fetch', 'loop']","FETCH Removal. In PL/SQL, this mutation targets fetch loop. Original example: FETCH c INTO v_rec; Mutant example: -- FETCH c INTO v_rec; Mutation rule: Remove a fetch call from a cursor loop. Why it matters: Exposes cursor loop and initialization bugs. Expected observable effect: Loop uses stale or empty record state."
MUT-055,cursor,%NOTFOUND Inversion,cursor termination,EXIT WHEN c%NOTFOUND;,EXIT WHEN c%FOUND;,Invert cursor completion logic.,Useful for cursor iteration correctness.,Loop terminates too early or too late.,"['plsql', 'cursor', 'notfound', 'loop']","%NOTFOUND Inversion. In PL/SQL, this mutation targets cursor termination. Original example: EXIT WHEN c%NOTFOUND; Mutant example: EXIT WHEN c%FOUND; Mutation rule: Invert cursor completion logic. Why it matters: Useful for cursor iteration correctness. Expected observable effect: Loop terminates too early or too late."
MUT-056,cursor,CLOSE Removal,cursor lifecycle,CLOSE c;,-- CLOSE c;,Omit closing the cursor.,Checks resource cleanup and leak handling.,Cursor remains open or errors later.,"['plsql', 'cursor', 'close', 'resource']","CLOSE Removal. In PL/SQL, this mutation targets cursor lifecycle. Original example: CLOSE c; Mutant example: -- CLOSE c; Mutation rule: Omit closing the cursor. Why it matters: Checks resource cleanup and leak handling. Expected observable effect: Cursor remains open or errors later."
MUT-057,bulk,BULK COLLECT Limit Mutation,bulk collect,FETCH c BULK COLLECT INTO l_tab LIMIT 100;,FETCH c BULK COLLECT INTO l_tab LIMIT 10;,Change the fetch batch size.,Useful for batch-processing and memory-sensitive routines.,Number of iterations changes.,"['plsql', 'bulk', 'collect', 'limit']","BULK COLLECT Limit Mutation. In PL/SQL, this mutation targets bulk collect. Original example: FETCH c BULK COLLECT INTO l_tab LIMIT 100; Mutant example: FETCH c BULK COLLECT INTO l_tab LIMIT 10; Mutation rule: Change the fetch batch size. Why it matters: Useful for batch-processing and memory-sensitive routines. Expected observable effect: Number of iterations changes."
MUT-058,bulk,FORALL Index Range Mutation,forall statement,FORALL i IN 1..l_tab.COUNT INSERT INTO t VALUES l_tab(i);,FORALL i IN 2..l_tab.COUNT INSERT INTO t VALUES l_tab(i);,Shift the iteration range in FORALL.,Catches off-by-one issues in batch DML.,One row is skipped.,"['plsql', 'bulk', 'forall', 'dml']","FORALL Index Range Mutation. In PL/SQL, this mutation targets forall statement. Original example: FORALL i IN 1..l_tab.COUNT INSERT INTO t VALUES l_tab(i); Mutant example: FORALL i IN 2..l_tab.COUNT INSERT INTO t VALUES l_tab(i); Mutation rule: Shift the iteration range in FORALL. Why it matters: Catches off-by-one issues in batch DML. Expected observable effect: One row is skipped."
MUT-059,dynamic_sql,EXECUTE IMMEDIATE Text Mutation,dynamic SQL string,EXECUTE IMMEDIATE 'TRUNCATE TABLE t';,EXECUTE IMMEDIATE 'TRUNCATE TABLE x';,Mutate a dynamic SQL string literal.,PL/SQL dynamic SQL is runtime-sensitive and often overlooked in tests.,Wrong object is affected or query fails.,"['plsql', 'dynamic_sql', 'execute_immediate', 'runtime']","EXECUTE IMMEDIATE Text Mutation. In PL/SQL, this mutation targets dynamic SQL string. Original example: EXECUTE IMMEDIATE 'TRUNCATE TABLE t'; Mutant example: EXECUTE IMMEDIATE 'TRUNCATE TABLE x'; Mutation rule: Mutate a dynamic SQL string literal. Why it matters: PL/SQL dynamic SQL is runtime-sensitive and often overlooked in tests. Expected observable effect: Wrong object is affected or query fails."
MUT-060,dynamic_sql,Bind Variable Order Mutation,USING clause,"EXECUTE IMMEDIATE sql_stmt USING v1, v2;","EXECUTE IMMEDIATE sql_stmt USING v2, v1;",Swap bind variables in dynamic SQL execution.,Catches binding mistakes that compile fine but fail at runtime.,Runtime result changes or error occurs.,"['plsql', 'dynamic_sql', 'bind', 'using']","Bind Variable Order Mutation. In PL/SQL, this mutation targets USING clause. Original example: EXECUTE IMMEDIATE sql_stmt USING v1, v2; Mutant example: EXECUTE IMMEDIATE sql_stmt USING v2, v1; Mutation rule: Swap bind variables in dynamic SQL execution. Why it matters: Catches binding mistakes that compile fine but fail at runtime. Expected observable effect: Runtime result changes or error occurs."
MUT-061,dynamic_sql,Concatenation Delimiter Mutation,string assembly,sql_stmt := '... WHERE id=' || p_id;,sql_stmt := '... WHERE id' || p_id;,Break the SQL string by altering concatenation text.,Useful for detecting string-building fragility.,Dynamic SQL fails to parse.,"['plsql', 'dynamic_sql', 'string', 'concat']","Concatenation Delimiter Mutation. In PL/SQL, this mutation targets string assembly. Original example: sql_stmt := '... WHERE id=' || p_id; Mutant example: sql_stmt := '... WHERE id' || p_id; Mutation rule: Break the SQL string by altering concatenation text. Why it matters: Useful for detecting string-building fragility. Expected observable effect: Dynamic SQL fails to parse."
MUT-062,dynamic_sql,Quoted Literal Mutation,string literal in dynamic SQL,sql_stmt := 'INSERT INTO t VALUES (''A'')';,sql_stmt := 'INSERT INTO t VALUES (''B'')';,Change the quoted literal inside a dynamic statement.,Important for runtime-built business statements.,Different persisted value or branch.,"['plsql', 'dynamic_sql', 'literal', 'insert']","Quoted Literal Mutation. In PL/SQL, this mutation targets string literal in dynamic SQL. Original example: sql_stmt := 'INSERT INTO t VALUES (''A'')'; Mutant example: sql_stmt := 'INSERT INTO t VALUES (''B'')'; Mutation rule: Change the quoted literal inside a dynamic statement. Why it matters: Important for runtime-built business statements. Expected observable effect: Different persisted value or branch."
MUT-063,oracle_builtin,NVL Replacement,Oracle built-in function,"v := NVL(col, 0);","v := COALESCE(col, 0);",Replace a null-handling Oracle built-in with a compatible alternative.,The manuscript includes Oracle Function Replacement as a PL/SQL-specific operator.,Null fallback behavior changes.,"['plsql', 'oracle', 'nvl', 'builtin']","NVL Replacement. In PL/SQL, this mutation targets Oracle built-in function. Original example: v := NVL(col, 0); Mutant example: v := COALESCE(col, 0); Mutation rule: Replace a null-handling Oracle built-in with a compatible alternative. Why it matters: The manuscript includes Oracle Function Replacement as a PL/SQL-specific operator. Expected observable effect: Null fallback behavior changes."
MUT-064,oracle_builtin,SUBSTR Argument Mutation,Oracle built-in function,"v := SUBSTR(name, 1, 3);","v := SUBSTR(name, 2, 3);",Shift substring start or length arguments.,Catches formatting and parsing defects.,Different extracted text.,"['plsql', 'oracle', 'substr', 'string']","SUBSTR Argument Mutation. In PL/SQL, this mutation targets Oracle built-in function. Original example: v := SUBSTR(name, 1, 3); Mutant example: v := SUBSTR(name, 2, 3); Mutation rule: Shift substring start or length arguments. Why it matters: Catches formatting and parsing defects. Expected observable effect: Different extracted text."
MUT-065,oracle_builtin,TO_DATE Format Mutation,date conversion,"v_dt := TO_DATE(v_txt,'YYYY-MM-DD');","v_dt := TO_DATE(v_txt,'DD-MM-YYYY');",Change the date format mask.,Very useful in data-entry and ETL-style code.,Parsing fails or produces a different date.,"['plsql', 'oracle', 'to_date', 'datetime']","TO_DATE Format Mutation. In PL/SQL, this mutation targets date conversion. Original example: v_dt := TO_DATE(v_txt,'YYYY-MM-DD'); Mutant example: v_dt := TO_DATE(v_txt,'DD-MM-YYYY'); Mutation rule: Change the date format mask. Why it matters: Very useful in data-entry and ETL-style code. Expected observable effect: Parsing fails or produces a different date."
MUT-066,oracle_builtin,SYSDATE Shift,date/time function,v_dt := SYSDATE;,v_dt := SYSDATE - 1;,Shift the current date/time reference.,Catches date-window and expiry logic.,Different time-based branch executes.,"['plsql', 'oracle', 'sysdate', 'time']","SYSDATE Shift. In PL/SQL, this mutation targets date/time function. Original example: v_dt := SYSDATE; Mutant example: v_dt := SYSDATE - 1; Mutation rule: Shift the current date/time reference. Why it matters: Catches date-window and expiry logic. Expected observable effect: Different time-based branch executes."
MUT-067,sequence,NEXTVAL to CURRVAL,Oracle sequence usage,SELECT seq_orders.NEXTVAL INTO v_id FROM dual;,SELECT seq_orders.CURRVAL INTO v_id FROM dual;,Replace NEXTVAL with CURRVAL.,This is explicitly called out in the manuscript and is highly PL/SQL-specific.,Insert identifier generation changes or fails.,"['plsql', 'oracle', 'sequence', 'nextval']","NEXTVAL to CURRVAL. In PL/SQL, this mutation targets Oracle sequence usage. Original example: SELECT seq_orders.NEXTVAL INTO v_id FROM dual; Mutant example: SELECT seq_orders.CURRVAL INTO v_id FROM dual; Mutation rule: Replace NEXTVAL with CURRVAL. Why it matters: This is explicitly called out in the manuscript and is highly PL/SQL-specific. Expected observable effect: Insert identifier generation changes or fails."
MUT-068,package_state,Package Global Initialization,package variable,g_flag := 0;,g_flag := 1;,Mutate a package-level state initialization.,Useful in stateful package logic common in enterprise PL/SQL.,Subsequent calls behave differently.,"['plsql', 'package', 'state', 'global']","Package Global Initialization. In PL/SQL, this mutation targets package variable. Original example: g_flag := 0; Mutant example: g_flag := 1; Mutation rule: Mutate a package-level state initialization. Why it matters: Useful in stateful package logic common in enterprise PL/SQL. Expected observable effect: Subsequent calls behave differently."
MUT-069,package_state,Package Init Logic Removal,package body initialization,BEGIN g_cache := init_cache(); END;,BEGIN NULL; END;,Remove package initialization behavior.,Finds hidden dependency on package startup state.,First call or cached path fails.,"['plsql', 'package', 'initialization', 'state']","Package Init Logic Removal. In PL/SQL, this mutation targets package body initialization. Original example: BEGIN g_cache := init_cache(); END; Mutant example: BEGIN NULL; END; Mutation rule: Remove package initialization behavior. Why it matters: Finds hidden dependency on package startup state. Expected observable effect: First call or cached path fails."
MUT-070,package_state,Public Helper Routing Mutation,package procedure call,result := pkg_helper.compute(x);,result := pkg_helper.compute_alt(x);,Route a package call to an alternative helper.,Exposes interface-level assumptions and overloaded behavior.,Returned business value changes.,"['plsql', 'package', 'call', 'helper']","Public Helper Routing Mutation. In PL/SQL, this mutation targets package procedure call. Original example: result := pkg_helper.compute(x); Mutant example: result := pkg_helper.compute_alt(x); Mutation rule: Route a package call to an alternative helper. Why it matters: Exposes interface-level assumptions and overloaded behavior. Expected observable effect: Returned business value changes."
MUT-071,business_rule,Status Code Mutation,business status code,v_status := 'SUCCESS';,v_status := 'PARTIAL_SUCCESS';,Mutate a semantic business status code.,Useful in telecom/enterprise workflows where status values drive follow-up actions.,Different downstream branch or reporting state.,"['plsql', 'business', 'status', 'workflow']","Status Code Mutation. In PL/SQL, this mutation targets business status code. Original example: v_status := 'SUCCESS'; Mutant example: v_status := 'PARTIAL_SUCCESS'; Mutation rule: Mutate a semantic business status code. Why it matters: Useful in telecom/enterprise workflows where status values drive follow-up actions. Expected observable effect: Different downstream branch or reporting state."
MUT-072,business_rule,Audit Field Mutation,audit/persistence field,v_updated_by := p_user;,v_updated_by := 'SYSTEM';,Change who is recorded in audit metadata.,Helps verify persistence and accountability behavior.,Audit trail differs.,"['plsql', 'audit', 'persistence', 'metadata']","Audit Field Mutation. In PL/SQL, this mutation targets audit/persistence field. Original example: v_updated_by := p_user; Mutant example: v_updated_by := 'SYSTEM'; Mutation rule: Change who is recorded in audit metadata. Why it matters: Helps verify persistence and accountability behavior. Expected observable effect: Audit trail differs."
MUT-073,business_rule,Threshold Relaxation,validation threshold,IF amount >= min_amount THEN,IF amount > min_amount THEN,Relax a business threshold by one unit.,Classic boundary mutation for rule engines.,Boundary case is no longer accepted.,"['plsql', 'business', 'threshold', 'boundary']","Threshold Relaxation. In PL/SQL, this mutation targets validation threshold. Original example: IF amount >= min_amount THEN Mutant example: IF amount > min_amount THEN Mutation rule: Relax a business threshold by one unit. Why it matters: Classic boundary mutation for rule engines. Expected observable effect: Boundary case is no longer accepted."
MUT-074,business_rule,Threshold Tightening,validation threshold,IF amount <= max_amount THEN,IF amount < max_amount THEN,Tighten a business threshold by one unit.,Boundary case is excluded.,Boundary value is rejected.,"['plsql', 'business', 'threshold', 'boundary']","Threshold Tightening. In PL/SQL, this mutation targets validation threshold. Original example: IF amount <= max_amount THEN Mutant example: IF amount < max_amount THEN Mutation rule: Tighten a business threshold by one unit. Why it matters: Boundary case is excluded. Expected observable effect: Boundary value is rejected."
MUT-075,business_rule,Exception-to-Success Flip,return status logic,IF error THEN RETURN -1; END IF;,IF error THEN RETURN 0; END IF;,Change error signaling to success signaling.,Catches callers that do not verify return codes.,Error is silently accepted.,"['plsql', 'business', 'return_code', 'error']","Exception-to-Success Flip. In PL/SQL, this mutation targets return status logic. Original example: IF error THEN RETURN -1; END IF; Mutant example: IF error THEN RETURN 0; END IF; Mutation rule: Change error signaling to success signaling. Why it matters: Catches callers that do not verify return codes. Expected observable effect: Error is silently accepted."
MUT-076,business_rule,Data Verification Mutation,post-condition check,SELECT COUNT(*) INTO v_cnt FROM t WHERE id = p_id;,SELECT COUNT(*) INTO v_cnt FROM t WHERE id <> p_id;,Mutate the verification query used in test or code assertions.,Important because the manuscript found missing data verification as a major survival reason.,Wrong record count is observed.,"['plsql', 'verification', 'count', 'database_state']","Data Verification Mutation. In PL/SQL, this mutation targets post-condition check. Original example: SELECT COUNT(*) INTO v_cnt FROM t WHERE id = p_id; Mutant example: SELECT COUNT(*) INTO v_cnt FROM t WHERE id <> p_id; Mutation rule: Mutate the verification query used in test or code assertions. Why it matters: Important because the manuscript found missing data verification as a major survival reason. Expected observable effect: Wrong record count is observed."
MUT-077,paper_operator,Absolute Value Insertion,ABS operator,x := i + 1;,x := i + ABS(1);,Insert ABS around an arithmetic operand.,One of the manuscript's generic operators; useful for numeric logic.,Numeric value may or may not change depending on input.,"['plsql', 'gmo', 'abs', 'numeric']","Absolute Value Insertion. In PL/SQL, this mutation targets ABS operator. Original example: x := i + 1; Mutant example: x := i + ABS(1); Mutation rule: Insert ABS around an arithmetic operand. Why it matters: One of the manuscript's generic operators; useful for numeric logic. Expected observable effect: Numeric value may or may not change depending on input."
MUT-078,paper_operator,Constant Replacement,CRP/SCR operator,i := 5;,i := 1000000;,Replace a constant with a different constant.,High value when magic numbers encode workflow.,"Branch, overflow, or scaling behavior changes.","['plsql', 'gmo', 'constant', 'magic_number']","Constant Replacement. In PL/SQL, this mutation targets CRP/SCR operator. Original example: i := 5; Mutant example: i := 1000000; Mutation rule: Replace a constant with a different constant. Why it matters: High value when magic numbers encode workflow. Expected observable effect: Branch, overflow, or scaling behavior changes."
MUT-079,paper_operator,Relational Operator Replacement,ROR operator,IF x = 5 THEN,IF x != 5 THEN,Swap a relational comparison operator.,Core operator in the manuscript's operator set.,Branch outcome changes.,"['plsql', 'gmo', 'ror', 'relational']","Relational Operator Replacement. In PL/SQL, this mutation targets ROR operator. Original example: IF x = 5 THEN Mutant example: IF x != 5 THEN Mutation rule: Swap a relational comparison operator. Why it matters: Core operator in the manuscript's operator set. Expected observable effect: Branch outcome changes."
MUT-080,paper_operator,Logical Connector Replacement,LCR operator,IF a AND b THEN,IF a OR b THEN,Replace one logical connector with another.,Core operator in both generic and SQL families.,Condition satisfaction changes.,"['plsql', 'gmo', 'lcr', 'logical']","Logical Connector Replacement. In PL/SQL, this mutation targets LCR operator. Original example: IF a AND b THEN Mutant example: IF a OR b THEN Mutation rule: Replace one logical connector with another. Why it matters: Core operator in both generic and SQL families. Expected observable effect: Condition satisfaction changes."
MUT-081,paper_operator,Commit Removal,CMR operator,COMMIT;,-- COMMIT;,Explicitly remove COMMIT.,Paper includes this as a PL/SQL-specific operator and it is important for transaction semantics.,Persisted state is absent.,"['plsql', 'pmo', 'commit', 'paper_operator']","Commit Removal. In PL/SQL, this mutation targets CMR operator. Original example: COMMIT; Mutant example: -- COMMIT; Mutation rule: Explicitly remove COMMIT. Why it matters: Paper includes this as a PL/SQL-specific operator and it is important for transaction semantics. Expected observable effect: Persisted state is absent."
MUT-082,paper_operator,Rollback Removal,RBC operator,ROLLBACK;,-- ROLLBACK;,Explicitly remove ROLLBACK.,Paper includes this as a PL/SQL-specific operator.,Failure cleanup changes.,"['plsql', 'pmo', 'rollback', 'paper_operator']","Rollback Removal. In PL/SQL, this mutation targets RBC operator. Original example: ROLLBACK; Mutant example: -- ROLLBACK; Mutation rule: Explicitly remove ROLLBACK. Why it matters: Paper includes this as a PL/SQL-specific operator. Expected observable effect: Failure cleanup changes."
MUT-083,paper_operator,Exception Insertion,EXI operator,BEGIN ... END;,BEGIN RAISE TOO_MANY_ROWS; END;,Force a named exception path.,Paper includes exception insertion in PL/SQL-specific operators.,Exceptional branch is triggered.,"['plsql', 'pmo', 'exception', 'paper_operator']","Exception Insertion. In PL/SQL, this mutation targets EXI operator. Original example: BEGIN ... END; Mutant example: BEGIN RAISE TOO_MANY_ROWS; END; Mutation rule: Force a named exception path. Why it matters: Paper includes exception insertion in PL/SQL-specific operators. Expected observable effect: Exceptional branch is triggered."
MUT-084,paper_operator,Query Error Insertion,QER operator,EXECUTE IMMEDIATE 'TRUNCATE TABLE t';,EXECUTE IMMEDIATE 'TRUNCATE TABLEX t';,Introduce a query-level runtime error in dynamic SQL.,Paper includes this for dynamic SQL handling.,Runtime SQL execution fails.,"['plsql', 'pmo', 'dynamic_sql', 'paper_operator']","Query Error Insertion. In PL/SQL, this mutation targets QER operator. Original example: EXECUTE IMMEDIATE 'TRUNCATE TABLE t'; Mutant example: EXECUTE IMMEDIATE 'TRUNCATE TABLEX t'; Mutation rule: Introduce a query-level runtime error in dynamic SQL. Why it matters: Paper includes this for dynamic SQL handling. Expected observable effect: Runtime SQL execution fails."
MUT-085,paper_operator,Oracle Sequence Replacement,OSR operator,SELECT seq.NEXTVAL INTO v FROM dual;,SELECT seq.CURRVAL INTO v FROM dual;,Replace NEXTVAL with CURRVAL.,Paper explicitly introduces this as a PL/SQL-specific operator.,Identifier generation changes or fails.,"['plsql', 'pmo', 'sequence', 'paper_operator']","Oracle Sequence Replacement. In PL/SQL, this mutation targets OSR operator. Original example: SELECT seq.NEXTVAL INTO v FROM dual; Mutant example: SELECT seq.CURRVAL INTO v FROM dual; Mutation rule: Replace NEXTVAL with CURRVAL. Why it matters: Paper explicitly introduces this as a PL/SQL-specific operator. Expected observable effect: Identifier generation changes or fails."
